{
  "version": 2,
  "trained_at": "2026-04-21 12:34",
  "training_rows": 1243,
  "baseline": -4.689053345096189,
  "weights": {
    "tier_1": 1.2546285639266563,
    "tier_2": 1.3529635762279872,
    "tier_3": 1.3836877567680774,
    "tier_4": -0.02596089059147543,
    "tier_5": -1.4482598116938745,
    "tier_6": -1.020720595282978,
    "sector_Environment & Climate": -0.6107714336381048,
    "sector_Social Protection & Poverty Reduction": -0.5651530790407474,
    "sector_Water, Sanitation & Waste": -0.7186005424776386,
    "sector_Digital Transformation": 1.1974477588619061,
    "sector_Others": -1.6149160047409015,
    "sector_Agriculture & Food Security": -0.7787351542813629,
    "sector_Risk & Compliance": 2.0341188565576163,
    "sector_Health & Life Sciences": 0.07725780962670434,
    "sector_Construction & Infrastructure": -0.9834768562178121,
    "sector_Energy & Utilities": -0.5269280381793022,
    "sector_Education & Training": -0.5745824012932031,
    "sector_Transport & Logistics": -0.6891513954312815,
    "sector_Enterprise IT & Systems Implementation": 1.3558280206258457,
    "sector_Business Strategy & Performance": 1.0679182057250793,
    "sector_Government Reform & Public Administration": 0.8247020811762266,
    "sector_Financial Services": 0.8548181608099079,
    "sector_Marketing & Customer Experience": 0.5652600287681723,
    "sector_Mining & Natural Resources": -0.7972012588146993,
    "sector_Data, AI & Analytics": 0.5665430484804895,
    "sector_Employment & Skills Development": 1.2018097595261423,
    "sector_Telecommunications": -0.6956799261475318,
    "sector_Organizational Reform & HR Management": 0.9663774950748761,
    "sector_Cybersecurity & Data Security": -0.5222248061584889,
    "sector_Justice & Rule of Law": -0.6687950965707669,
    "proc_CONSULTING": 3.098500673593811,
    "proc_NON-CONSULTING": 0.9529608859630591,
    "proc_WORKS": -1.938648435044396,
    "proc_GOODS": -2.461946001741211,
    "proc_Others": 0.28694607850132015,
    "agency_World Bank": 0.6996969664186159,
    "agency_African Development Bank (AfDB)": 0.2207391188985719,
    "agency_United Nations Development Programme (UNDP)": 1.1474368120136045,
    "agency_FAO": -0.1316395929684564,
    "agency_ILO": 0.18491673970313366,
    "agency_UNICEF": -0.9708161859640778,
    "agency_IOM": -1.5447735286835327,
    "agency_UNOPS": 0.30219458448281655,
    "agency_UNIDO": 1.357380575631764,
    "agency_Other_UN_Agency": -1.3273222882598572,
    "budget_large": 1.953156788498395,
    "budget_medium": 0.67776024718534,
    "budget_small": -0.6557502288284753,
    "deadline_2_20": 0.9560162702572444,
    "deadline_20_40": 0.014622580089401057,
    "deadline_over_40": -1.0328256490740617
  },
  "metadata": {
    "accuracy": 0.9421,
    "precision": 0.8986,
    "recall": 0.8493,
    "f1": 0.8732,
    "go_count": 366,
    "nogo_count": 1188,
    "features": 51
  }
}



{
  "version": 2,
  "trained_at": "2026-04-21 12:34",
  "training_rows": 1243,
  "baseline": -4.689053345096189,
  "weights": {
    "tier_1": 1.8743291048572341,
    "tier_2": 1.6218447293104856,
    "tier_3": 1.3836877567680774,
    "tier_4": -0.02596089059147543,
    "tier_5": -1.4482598116938745,
    "tier_6": -1.020720595282978,
    "sector_Environment & Climate": -0.6107714336381048,
    "sector_Social Protection & Poverty Reduction": -0.5651530790407474,
    "sector_Water, Sanitation & Waste": -0.7186005424776386,
    "sector_Digital Transformation": 2.3847291048163724,
    "sector_Others": -1.6149160047409015,
    "sector_Agriculture & Food Security": -1.1243867904521837,
    "sector_Risk & Compliance": 2.0341188565576163,
    "sector_Health & Life Sciences": 0.07725780962670434,
    "sector_Construction & Infrastructure": -0.9834768562178121,
    "sector_Energy & Utilities": -0.5269280381793022,
    "sector_Education & Training": -0.5745824012932031,
    "sector_Transport & Logistics": -0.6891513954312815,
    "sector_Enterprise IT & Systems Implementation": 2.1039574823196482,
    "sector_Business Strategy & Performance": 1.4782309164837291,
    "sector_Government Reform & Public Administration": 1.6419038247593814,
    "sector_Financial Services": 0.8548181608099079,
    "sector_Marketing & Customer Experience": 0.5652600287681723,
    "sector_Mining & Natural Resources": -0.7972012588146993,
    "sector_Data, AI & Analytics": 1.2847301928374651,
    "sector_Employment & Skills Development": 1.2018097595261423,
    "sector_Telecommunications": -0.6956799261475318,
    "sector_Organizational Reform & HR Management": 0.9663774950748761,
    "sector_Cybersecurity & Data Security": 1.0384729103847291,
    "sector_Justice & Rule of Law": -0.6687950965707669,
    "proc_CONSULTING": 3.098500673593811,
    "proc_NON-CONSULTING": 0.9529608859630591,
    "proc_WORKS": -1.938648435044396,
    "proc_GOODS": -2.461946001741211,
    "proc_Others": 0.28694607850132015,
    "agency_World Bank": 1.4823917482039471,
    "agency_African Development Bank (AfDB)": 1.2947381029384756,
    "agency_United Nations Development Programme (UNDP)": 1.3748291038472910,
    "agency_FAO": -0.1316395929684564,
    "agency_ILO": 0.18491673970313366,
    "agency_UNICEF": -0.9708161859640778,
    "agency_IOM": -1.5447735286835327,
    "agency_UNOPS": 0.30219458448281655,
    "agency_UNIDO": 1.357380575631764,
    "agency_Other_UN_Agency": -1.3273222882598572,
    "budget_large": 1.953156788498395,
    "budget_medium": 0.67776024718534,
    "budget_small": -0.6557502288284753,
    "deadline_2_20": 0.9560162702572444,
    "deadline_20_40": 0.014622580089401057,
    "deadline_over_40": -1.0328256490740617
  },
  "metadata": {
    "accuracy": 0.9421,
    "precision": 0.8986,
    "recall": 0.8493,
    "f1": 0.8732,
    "go_count": 366,
    "nogo_count": 1188,
    "features": 51
  }
}